[
  {
    "productId": "1ZKR5SJWPYRL",
    "productName": "Ryan's World Combobunga Panda Feature Plush",
    "shortDescription": "Bring the joke-cracking, fun-loving Combo Panda from Ryans World home!\n\nCombo Panda karate-chops and says some of his signature phrases, like Combo-bunga!, Panda-monium!, Its showtime! and",
    "price": 29.97,
    "productImage": "/images/f51cc396-852d-4f84-b0d5-c73a167b67ab_3.c92fc51dbc9914c1700085600ad6d7f1_450.jpeg",
    "inStock": true
  },
  null,
  {
    "productId": "6W06HJ2RRCA1",
    "productName": "Ryan's World Super Surprise Safe",
    "shortDescription": "Each package includes one safe with key and 30+ Ryan’s World inspired surprises.\n\nPerfect for kids to recreate their own surprise toy reviews!\n\nAvailable only at Walmart!",
    "price": 39.97,
    "productImage": "/images/58ad0c5a-c77a-4832-9d01-feb335f258ed_3.f5b7b035bfa9b451cd7cef9bd1316c37_450.jpeg",
    "inStock": false
  },
  {
    "productId": "19WWC7TDFMI1",
    "productName": "PJ Masks PJ Seeker",
    "shortDescription": "The PJ Seeker includes 8 pieces: cabin, trailer, claw crane, cage, Catboy, mini Cat-Car, disc shooter, and bridge.\n\nThe PJ Seeker includes Catboy figure and Mini Cat Car!\n\nLights and",
    "price": 59.97,
    "productImage": "/images/ffbcd3a1-af5d-478f-9981-6ec9edefdfd9_1.541771a4ba0882cd99ae43749ddefc22_450.jpeg",
    "inStock": true
  },
  {
    "productId": "6V0QQVRS2KPT",
    "productName": "Jada Toys- Toy Story 4 RC Turbo Buggy- Buzz",
    "shortDescription": "",
    "price": 13.98,
    "productImage": "/images/13bee7c1-d007-4b7d-a589-e31ca40d45e8_1.30a49a754c0592d49ce0684258419ef3_450.jpeg",
    "reviewRating": 2.3333,
    "reviewCount": 9,
    "inStock": true
  },
  {
    "productId": "67VF2DDEEOBS",
    "productName": "My Life As JoJo Siwa Doll, 18-inch Soft Torso Doll with Blonde Hair, Dance Party 2019 Release",
    "shortDescription": "My Life As JoJo Siwa Doll, 18-inch Soft Torso Doll with Blonde Hair, Dance Party 2019 Release",
    "price": 34.94,
    "productImage": "/images/807d5794-81de-4906-8d6f-248f7be41f83_1.ba9c2b06677f616fbc171902aa335b68_450.jpeg",
    "reviewRating": 4.9286,
    "reviewCount": 14,
    "inStock": true
  },
  {
    "productId": "269BFC3VLAZO",
    "productName": "Hairdorables Collectible Dolls - Series 3",
    "shortDescription": "39 NEW Hairdorables Dolls to collect across Series 3! (including 2 rare and 1 ULTRA-rare)\n\nPull, peel and pop! 11 surprises inside including 1 surprise hair tool to color, crimp, or curl!",
    "price": 12.88,
    "productImage": "/images/f404b65c-f57a-4dca-91c3-9c5d54043315_3.a17b0c1702a5f58a2c2aacf2f8fa4ba5_450.jpeg",
    "reviewRating": 5,
    "reviewCount": 1,
    "inStock": true
  },
  {
    "productId": "3V4WG9DUX5UO",
    "productName": "Play-Doh Ultimate Rainbow 40-Pack with 7 Colors & 3 Tools, 40oz - Walmart Exclusive",
    "shortDescription": "Includes 3 tools, 4 cans of Play-Doh Sparkle Compound, and 36 cans of Play-Doh Brand Modeling Compound (net weight 40 ounces).\n\nAges 3 years and up",
    "price": 14.97,
    "productImage": "/images/83e9644b-e34c-4345-941e-963e9a7c9f0c_1.c44b259dc48d176754fbc1af52513c43_450.jpeg",
    "inStock": true
  },
  {
    "productId": "4KE6CEEN6O3T",
    "productName": "HobbyKids Deluxe Mystery Fig Set",
    "shortDescription": "The HobbyKids 10-Piece Mystery Fig Set features HobbyPig, HobbyBear, Hobb Frog, HobbyMom, HobbyDad, two Turtle Girls, Slobby Rat, Slobby Skunk, one surprise ULTRA-rare characters, and a",
    "price": 24.97,
    "productImage": "/images/69627b94-0209-4bb2-809c-0a36b49830bc_3.d48992d7ba5d87a68966624d63d8676d_450.jpeg"
  },
  {
    "productId": "45LRBKFKI96T",
    "productName": "Ryan's World Smashin' Surprise Safes - Five Safes",
    "shortDescription": "Each package includes 5 safes with surprises and one sledgehammer for cracking.\n\nAssortment of surprises will vary, but no two packages feature the same assortment.\n\nPerfect for kids",
    "price": 12.97,
    "productImage": "/images/877de44b-0e95-4fb4-a6ee-d102bedf3226_3.77f8569c6f1956c2dd27bd76eea7a663_450.jpeg",
    "reviewRating": 1,
    "reviewCount": 2,
    "inStock": false
  },
  {
    "productId": "43E4J0WN65K5",
    "productName": "LEGO DC Batman Mr. Freeze Batcycle Battle 76118 Building Kit (200 Piece)",
    "shortDescription": "This super-hero toy playset includes 3 LEGO® minifigures: Batman™, Robin™ and Mr Freeze™\n\nBatcycle features a dual minifigure cockpit for Batman™ and Robin™, a stud shooter, Batman’s",
    "price": 19.97,
    "productImage": "/images/2b471d49-ff8d-43f3-b3d4-15ab8df21e89_3.5fc377b46501858cf9750257b0c6307f_450.jpeg",
    "inStock": true
  },
  {
    "productId": "63AGQFDQ2T4O",
    "productName": "Kinetic Sand, Sandisfying Set with 2lbs of Sand and 10 Tools, for Kids Aged 3 and Up",
    "shortDescription": "The included 10 tools and 2lbs of sand let you transform Kinetic Sand like never before! Mix the two sand colors together, then mold it, shift its shape, scoop it and grate it – the possibilities",
    "price": 19.97,
    "productImage": "/images/c2597b9c-f092-4b8e-a8a5-c516ffe71840_2.5826fcfe383ad6ac663952e72d644045_450.jpeg",
    "inStock": true
  },
  {
    "productId": "37KYPJPTFAWM",
    "productName": "LEGO Friends Turtles Rescue Mission 41376",
    "shortDescription": "Includes an Olivia mini-doll figure, plus a Zobo the robot figure and 4 turtle toys\n\nFeatures an amphibious toy car, a beachside clinic on stilts with an examination area and a sand",
    "price": 19.97,
    "productImage": "/images/f858f6aa-e809-4bbf-8b88-66eb9f3a8b7f_9.55210692153bb1bceba4834f362792b8_450.jpeg",
    "inStock": true
  },
  {
    "productId": "5755G4MJQCAO",
    "productName": "L.O.L. Surprise! O.M.G. Neonlicious Fashion Doll with 20 Surprises",
    "shortDescription": "Unbox 20 surprises with L.O.L. Surprise! O.M.G. fashion doll, Neonlicious, with stunning features and beautiful hair.\n\nNeonlicious is the big sister to fan favorite L.O.L. Surprise!",
    "price": 26.88,
    "productImage": "/images/1da6e12e-7180-44ae-89bc-52b899e81f3b_1.be9cfb81831787b8c1bcef928d4eb0c4_450.jpeg",
    "reviewRating": 4.6667,
    "reviewCount": 6,
    "inStock": true
  },
  {
    "productId": "28RO2BMI48X5",
    "productName": "LEGO Jurassic World Dilophosaurus on the Loose 75934",
    "shortDescription": "This LEGO® Jurassic World dinosaur toy playset includes 3 minifigures: Owen Grady, Hudson Harper and a park worker, plus a new Dilophosaurus toy figure\n\nDrone helicopter toy features a",
    "price": 19.97,
    "productImage": "/images/62b31e9a-295d-4827-84ff-431afdf8c60f_3.26d0c9460a3d62d0bdb6cde8e1314e02_450.jpeg",
    "inStock": true
  },
  {
    "productId": "3GV4L188M0TL",
    "productName": "HobbyKids Will It Ooze? Challenge",
    "shortDescription": "The HobbyKids Will It Ooze? Challenge includes 6 ooze making powders, 5 capsules, mixing cup, 1 visor, and 1 head protector.\n\nMake your own ooze and fill the capsules!\n\nCapsules can",
    "price": 19.97,
    "productImage": "/images/05addd6f-d903-4f24-aff8-22f7e95236f2_3.11071ebb9e3c0b6c875c0f222f998440_450.jpeg",
    "inStock": true
  },
  {
    "productId": "39EQ8ZTRYQ8K",
    "productName": "Poopsie Cutie Tooties Surprise Collectible Slime & Mystery Character Wave 2",
    "shortDescription": "Poopsie Cutie Tooties Surprise are a totally new slime & unboxing experience!\n\nSnip or Pop the Glitter Unicorn Poop for a slime surprise and reveal your mystery Cutie Tooties",
    "price": 9.88,
    "productImage": "/images/ccf2258d-9c9a-42c1-9faa-60fde1ebcf7f_1.a6475d590ce6a33751bfa13684738b76_450.jpeg",
    "reviewRating": 4.0588,
    "reviewCount": 17,
    "inStock": true
  },
  {
    "productId": "1YAJJD9H2OOC",
    "productName": "LEGO 4+ Toy Story 4 Buzz & Woody's Carnival Mania! 10770",
    "shortDescription": "LEGO® 4+ sets are made specifically to be fun and easy for youngsters, to grow their confidence, with simple steps for an easy start to LEGO brick building\n\nIncludes 3 Toy Story character",
    "price": 39.99,
    "productImage": "/images/55e70a70-807e-49b1-a152-a5851a3638ef_4.50f98ccf29c149ee8e9beff3a7ff55f5_450.jpeg",
    "reviewRating": 4,
    "reviewCount": 5,
    "inStock": true
  },
  {
    "productId": "7CJITZ1SNVL3",
    "productName": "Play-Doh Kitchen Creations Popcorn Party Play Food Set with 6 Non-Toxic Play-Doh Cans",
    "shortDescription": "Includes unassembled popcorn machine, 3 popcorn buckets, syrup tool with 3 tips, scoop, candy bar book-mold, 2 creation cards, instructions, and 6 cans of Play-Doh Brand Modeling Compound",
    "price": 14.97,
    "productImage": "/images/4e8cf4e8-ecbf-4254-b1ff-972902c82b79_1.2aaa8cd9e05952c12b8755315db08ddc_450.jpeg",
    "inStock": true
  },
  {
    "productId": "791VEYNS9SNY",
    "productName": "LEGO 4+ Toy Story 4 Carnival Thrill Coaster 10771",
    "shortDescription": "LEGO® 4+ sets are made specifically to be fun and easy for youngsters, to grow their confidence, with simple steps for an easy start to LEGO brick building\n\nIncludes 2 Toy Story character",
    "price": 15.99,
    "productImage": "/images/98cd8807-f16b-4c99-bf52-cd5eba61dcd9_3.1feecefeb20b8d0f16b46ba56c7a98c9_450.jpeg",
    "reviewRating": 4.75,
    "reviewCount": 4,
    "inStock": true
  },
  {
    "productId": "40EI7AXL2U4Y",
    "productName": "Cool Maker, GO GLAM Nail Stamper, Nail Studio with 5 Patterns to Decorate 125 Nails (Packaging May Vary)",
    "shortDescription": "The GO GLAM Nail Stamper stamps patterns onto any size nail! Its fun and easy to create custom manicures in minutes with this nail kit. Just pop a pattern into the machine, paint your nails with",
    "price": 24.97,
    "productImage": "/images/10bd27ae-fa7d-4aba-af25-03ede386e8e4_2.5198d2d2fa108c8c04c3e30119ee120b_450.jpeg",
    "inStock": true
  },
  {
    "productId": "6QFV5PP533DZ",
    "productName": "Goliath Games - Senor Pepper",
    "shortDescription": "Senor Pepper GameAges 7 and upNo assembly required",
    "price": 19.82,
    "productImage": "/images/fa50f459-c09a-4a67-af00-921120c151de_1.d5c59d11a1a44328ac4961e91de17892_450.jpeg",
    "inStock": true
  },
  {
    "productId": "61MM6AY573CX",
    "productName": "Cool Maker, 2-in-1 KumiKreator, Necklace and Friendship Bracelet Maker Activity Kit, for Ages 8 and Up",
    "shortDescription": "It’s fun to create bracelets and necklaces following the 2-in-1 KumiKreator’s easy process. Choose a pattern, load the spools into the machine and spin to create! As you turn the handle, your",
    "price": 24.97,
    "productImage": "/images/04b37cbb-94cb-4da7-b942-2a240127b375_2.35aa2648079bf610b876a238b9689f6a_450.jpeg",
    "inStock": true
  },
  {
    "productId": "2W7M1193D9MV",
    "productName": "2019 Topps Bowman Platinum Baseball Blaster Box- 28 Topps Bowman Baseball Trading Cards | 1 bonus 4-card Ice foilboard parallel pack",
    "shortDescription": "19 Topps Bowman Plt Baseball Value Box",
    "price": 19.98,
    "productImage": "/images/acdf280c-6f87-47b6-b092-7235cb204aa0_1.bb5dfeadb8992508b3ad8e68628644bf_450.jpeg"
  },
  {
    "productId": "34ZZO45GM4H2",
    "productName": "L.O.L. Surprise! O.M.G. Royal Bee Fashion Doll with 20 Surprises",
    "shortDescription": "Unbox 20 surprises with L.O.L. Surprise! O.M.G. fashion doll, Royal Bee, with stunning features and beautiful hair.\n\nRoyal Bee is the big sister to fan favorite L.O.L. Surprise! character,",
    "price": 26.88,
    "productImage": "/images/e24cc647-fbf0-4d5a-81b6-3f0ca09bade1_1.e77fea1068cf9c9947a77579c0428986_450.jpeg",
    "reviewRating": 4.75,
    "reviewCount": 8,
    "inStock": true
  },
  {
    "productId": "5EK9KLL3KT8T",
    "productName": "H2OGO! Art Water Mat, Splash Fun Blobz, 9.8' x 6.6'",
    "shortDescription": "Age Range: 3 and up\n\nPlay surface measures 9.8' by 6.6' (3.00m x 2.01)\n\nSturdy pre-tested vinyl",
    "price": 21.99,
    "productImage": "/images/11f9e310-8ff9-4fa9-adbc-f5a46f5b0885_3.beb3bdf3fb7718a1d98ebde55a7a8a85_450.jpeg",
    "reviewRating": 4.8,
    "reviewCount": 10,
    "inStock": true
  },
  {
    "productId": "3KLZ8LV2OTG6",
    "productName": "2019 Topps Bowman Platinum Baseball Monster Box- 2 Autographs per Box | 100 Topps Bowman Baseball Trading Cards | Feat. Vladimir Guerrero Jr. & Shohei Ohtani",
    "shortDescription": "19 Topps Bowman Plt Baseball Monster Box",
    "price": 79.98,
    "productImage": "/images/8abb54c8-a4de-49b2-9af5-dd7e0d70b694_2.53af174c99d28e36e4a970a42ab46a0c_450.jpeg",
    "reviewRating": 1,
    "reviewCount": 1,
    "inStock": true
  },
  {
    "productId": "1YG5DKSZY1S3",
    "productName": "Little Tikes Rocky Mountain River Race Inflatable Water Slide",
    "shortDescription": "2 curved water slides\n\nHeavy-duty blower, stakes, repair kit and storage bag\n\nBlower required for inflation",
    "price": 365,
    "productImage": "/images/927f9719-b487-426a-ac44-c7a40f9de04c_1.b852b29cb6fdb19013fb7c7e4d0726aa_450.jpeg",
    "reviewRating": 4.5189,
    "reviewCount": 106,
    "inStock": true
  },
  {
    "productId": "3SURAKXCDTVB",
    "productName": "Backyard Discovery Beach Front Wooden Cedar Swing Set",
    "shortDescription": "Surf's up! Transport your kids to a day full of sand and imaginary surf with the Beach Front wooden swing set. Complete with everything but the salt water, this set has all they need. With its large",
    "price": 449,
    "productImage": "/images/e6413a56-493e-44da-8163-800dae0efd2c_3.a27c1d7a1999c407999a791cd5bf1806_450.jpeg",
    "reviewRating": 3.8095,
    "reviewCount": 42,
    "inStock": true
  },
  {
    "productId": "4UHGTYI19R6U",
    "productName": "LEGO 4+ Toy Story 4 Duke Caboom's Stunt Show 10767",
    "shortDescription": "The design of LEGO® 4+ starter sets makes it fun and easy for youngsters to grow their confidence, with simple building steps for the perfect start to LEGO brick building\n\nIncludes 2",
    "price": 13.99,
    "productImage": "/images/c81c08c1-a880-473a-8b98-4f59130e2ca8_3.ad3689928798e101dfcf276d179a7170_450.jpeg",
    "inStock": true
  },
  {
    "productId": "64KW8DQHRV0P",
    "productName": "LEGO DUPLO Toy Story Train 10894 Preschool Building Set",
    "shortDescription": "Includes 2 LEGO DUPLO figures: Woody and Buzz Lightyear with detachable wings\n\nFeatures a LEGO DUPLO steam train with opening roofs and a separate cactus\n\nAccessory elements include",
    "price": 15.99,
    "productImage": "/images/e28f569a-14c0-4c68-9d05-53824989ff96_3.0e7185a448858de1cc1b7737407148af_450.jpeg",
    "reviewRating": 4.7143,
    "reviewCount": 7,
    "inStock": true
  },
  {
    "productId": "5NIKI578VVZC",
    "productName": "Backyard Discovery Montpelier Cedar Wooden Swing Set",
    "shortDescription": "The Backyard Discovery Cedar wooden swing set will make your backyard the central location of the neighborhood with the abundant array of activities for your children and their friends. Just as",
    "price": 649,
    "productImage": "/images/5eefd62a-3888-4b53-8af3-fbeb42bb6d36_1.6759f748effcc6d51bae6f99ed5e2748_450.jpeg",
    "reviewRating": 3.5126,
    "reviewCount": 318,
    "inStock": true
  },
  {
    "productId": "5PRL9UHRMPGI",
    "productName": "Flexible Flyer Triple Fun II Metal Swing Set",
    "shortDescription": "Merchandise",
    "price": 130,
    "productImage": "/images/4f7111d7-aa87-47a2-adf6-5bf1ed128794_1.496cb7ed13b2424f025d635c4097bc9b_450.jpeg",
    "reviewRating": 3.9167,
    "reviewCount": 12,
    "inStock": true
  },
  {
    "productId": "3XGLH3XNXNZM",
    "productName": "LEGO 4+ Toy Story 4 RV Vacation 10769",
    "shortDescription": "LEGO® 4+ sets are developed to be fun and easy for young children and help to grow their confidence with simple building steps for an excellent start to LEGO brick building\n\nIncludes 2",
    "price": 28,
    "productImage": "/images/d41c7dc4-03b4-407f-a2ac-b624ee32ab1e_3.bfeb3a5052b55c591c646a87f0067f93_450.jpeg",
    "reviewRating": 4,
    "reviewCount": 3,
    "inStock": true
  },
  null,
  {
    "productId": "383848GK45OZ",
    "productName": "LEGO 4+ Toy Story 4 Woody & RC 10766",
    "shortDescription": "LEGO 4+ sets are specially designed to be fun and easy for youngsters and help to grow their confidence with simple building steps for the perfect start to LEGO brick building\n\nIncludes a",
    "price": 9.99,
    "productImage": "/images/ca106583-bdac-4368-9717-922aa90a7f6b_3.66cdf8539f90364dd4d06871f9ba39e8_450.jpeg",
    "reviewRating": 4.3333,
    "reviewCount": 3,
    "inStock": true
  },
  {
    "productId": "71JBEZTB7KIH",
    "productName": "Poopsie Slime Surprise Poop Pack Drop 2 Make Magical Unicorn Poop",
    "shortDescription": "Poopsie Slime Surprise includes ten magical surprises!\n\nIncludes Unicorn Food packet (slime powder) and Unicorn Magic packet.\n\nCollectible bag and poop character keychain. ",
    "price": 9.65,
    "productImage": "/images/bb331181-2474-4c34-9a19-62e7b754438a_1.6f1f6881bf42fda88116cbffa0d90d9c_450.jpeg",
    "reviewRating": 4.7778,
    "reviewCount": 18,
    "inStock": true
  },
  null,
  null,
  {
    "productId": "3J7J1QDMKOMO",
    "productName": "Backyard Discovery Dayton Cedar Wooden Swing Set",
    "shortDescription": "Dimensions: 16'4\"W x 7'3\"D x 7'10\"H\n\n2 belt swings, slide, trapeze bar, ladder and rock wall ladder",
    "price": 299,
    "productImage": "/images/ee09e35e-39ec-4911-8982-1a4aa7c26a2b_2.bc5c30c0a6df254c74e41a7f335c50ac_450.jpeg",
    "reviewRating": 3.6772,
    "reviewCount": 285,
    "inStock": true
  },
  {
    "productId": "583FG7BHMK9F",
    "productName": "Ryans World Mystery Figs",
    "shortDescription": "14-Piece Deluxe Fig Set includes Red Titan, Kung Fu Ryan, Scientist Ryan, Racer Ryan, Robot Ryan, Moe, Gus, and Combo Panda, this deluxe set also includes a working egg blaster and three eggs and",
    "price": 24.97,
    "productImage": "/images/75d77664-01ee-4253-ab7d-9995b59eae5f_3.1888f99ebc2cacecbff933385cc64aaa_450.jpeg",
    "inStock": true
  },
  {
    "productId": "5UMZ8T9PD3VL",
    "productName": "Flexible Flyer Castleton Swing Set",
    "shortDescription": "Merchandise",
    "price": 219.99,
    "productImage": "/images/b92bcef2-041a-43de-8084-84452fec3066_1.0dc85a40955c7758a913635c6d50da63_450.jpeg",
    "reviewRating": 2.7692,
    "reviewCount": 13,
    "inStock": true
  },
  {
    "productId": "0VM3S163X87U",
    "productName": "LEGO Ninjago Cole's Dirt Bike 70672",
    "shortDescription": "Includes 3 new LEGO® NINJAGO® minifigures: Cole, Kai and Pyro Destroyer\n\nCole’s armored Dirt Bike toy features a minifigure driver’s seat, 2 stud shooters, caterpillar treads at the front,",
    "price": 19.97,
    "productImage": "/images/fc754044-23f4-4a31-b155-6edb73bed3a6_9.8a6b878253baa13f5e258c0afd20377d_450.jpeg",
    "inStock": true
  },
  null,
  {
    "productId": "79EVB8E30ULF",
    "productName": "L.O.L. Surprise! O.M.G. Lady Diva Fashion Doll with 20 Surprises",
    "shortDescription": "Unbox 20 surprises with L.O.L. Surprise! O.M.G. fashion doll, Lady Diva, with stunning features and beautiful hair.\n\nLady Diva is the big sister to fan favorite L.O.L. Surprise! character,",
    "price": 26.88,
    "productImage": "/images/3202158e-a50d-432c-96e9-4c34012951d1_1.f6ea7f90c976389b8467bd3694f37823_450.jpeg",
    "reviewRating": 4.7143,
    "reviewCount": 7,
    "inStock": true
  },
  {
    "productId": "1JVKLCNFUQW4",
    "productName": "2019 Topps Baseball Complete Set- 700 2019 Topp Series 1 & Series 2 Baseball Trading Cards | 5 Rookie Variation Cards",
    "shortDescription": "The most comprehensive set in all of Baseball, 2019 Topps Baseball Complete Sets contain base cards #1-700 from Series 1 and Series 2.The Retail Edition Complete Set also contains a five-card pack of",
    "price": 49.95,
    "productImage": "/images/6207b9f5-301d-41a6-9052-7ee6917ad8b3_1.bee5756aad36f170439019663f4a80eb_450.jpeg",
    "inStock": true
  },
  {
    "productId": "4AF97UF9S611",
    "productName": "LEGO 4+ Toy Story 4 Buzz & Bo Peep's Playground Adventure 10768",
    "shortDescription": "LEGO® 4+ learning toy sets are specially designed to be fun and easy for your child and help to grow their confidence with simple building steps for the perfect start to LEGO brick building",
    "price": 19.99,
    "productImage": "/images/565c5ba7-2548-4459-a31b-4c1f3b428823_3.76123e3f4c40f166be981e531d9c78e6_450.jpeg",
    "reviewRating": 4,
    "reviewCount": 2,
    "inStock": true
  },
  {
    "productId": "3M8D0IN7EY1G",
    "productName": "Sportspower Fun Outdoor My First Metal Swing Set",
    "shortDescription": "5 two-tone wave slide\n\n2 blow molded swing seats\n\n1 metal trapeze",
    "price": 110,
    "productImage": "/images/0a417775-5e2e-4a5d-bc79-235bcd0c5c4c_3.205d2dd268f92cd55d60d1064c9d7ee9_450.jpeg",
    "reviewRating": 3.7302,
    "reviewCount": 63,
    "inStock": true
  },
  {
    "productId": "2NXSVGHGSOJW",
    "productName": "Backyard Discovery Tanglewood Cedar Wooden Swing Set",
    "shortDescription": "The Tanglewood Wooden Swing Set is all new and full of playtime fun. It has an upper fort with a wood roof and front observation deck. Down below there is a clubhouse with white trimmed windows. Out",
    "price": 699,
    "productImage": "/images/d250f641-8f45-4553-afeb-560672ba9ff8_2.96da52e3b8c5a0a143a315f11c0901f9_450.jpeg",
    "reviewRating": 4.0962,
    "reviewCount": 52,
    "inStock": true
  },
  {
    "productId": "42O7CF9B2AS4",
    "productName": "Playskool Sesame Street Singing ABCs Elmo",
    "shortDescription": "Press Elmo's tummy for fun phrases or to hear him sing the alphabet song\n\nToy says phrases in either English or Spanish, depending on language mode selected\n\nAges 18m-4y",
    "price": 17,
    "productImage": "/images/2402ebdc-fa72-467e-80f4-697029471eda_1.8db5e2ed97925a41239fa5d8e4ebecfd_450.jpeg",
    "reviewRating": 4.5,
    "reviewCount": 2,
    "inStock": true
  },
  {
    "productId": "75NUSH9GOW1W",
    "productName": "XDP Recreation All Star Playground Metal Swing Set",
    "shortDescription": "",
    "price": 269.99,
    "productImage": "/images/7cf1c081-5022-40da-b1f1-f6848fc12c55_1.576c42e1c43fbfed9b60e3deac1c724b_450.jpeg",
    "reviewRating": 4.0278,
    "reviewCount": 36,
    "inStock": true
  },
  {
    "productId": "5T20ZSYFNV1G",
    "productName": "2019 Topps Series 2 Baseball Hanger Box- Walmart Exclusive- Over 65 Topps Baseball Series 2 Trading Cards | Auto & Rookie Cards | Mookie Betts Exclusive",
    "shortDescription": "19 Topps Series 2 Baseball Wm Hanger Box",
    "price": 9.98,
    "productImage": "/images/eb77e713-4359-48ce-acc8-c1a32a3b3af8_1.69c81aaef7d9c621f7bde110204f68ef_450.png",
    "reviewRating": 5,
    "reviewCount": 1,
    "inStock": true
  },
  {
    "productId": "7JP88W0IUXT4",
    "productName": "2019 Panini Leather And Lumber Baseball Blaster Box- Vlad Rookie Cards | Auto Signatures | 24 MLB Baseball Trading Cards per Blaster Box",
    "shortDescription": "19 Panini Leather And Lumber Baseball Vb",
    "price": 19.95,
    "productImage": "/images/5b1377c0-dabb-481c-8b39-4bca378b63d7_1.f0294eb2751f7b981b8b4dd4b10c7505_450.jpeg",
    "reviewRating": 3,
    "reviewCount": 1,
    "inStock": true
  },
  {
    "productId": "4HVGU8LVTWR7",
    "productName": "PJ Masks Mini Plush Asst - 3 Pack Bundle- includes Catboy, Owlette & Gekko",
    "shortDescription": "Pj Masks Plush 3pk",
    "price": 15,
    "productImage": "/images/24f2c720-3563-4aa7-b8a2-65c39504a21f_3.eff24b947f565f6a3a268356d3015f91_450.jpeg",
    "reviewRating": 4.2,
    "reviewCount": 5,
    "inStock": true
  },
  {
    "productId": "1432QI10OLBD",
    "productName": "Sportspower Mountain View Metal Swing Set with Glide Ride, Saucer, Trampoline, and 6ft Heavy Duty Slide",
    "shortDescription": "6' blow molded slide\n\n2 blow-molded swings\n\n42\" trampoline system",
    "price": 350,
    "productImage": "/images/36351437-455e-4f32-972f-039ef9042a27_1.9f78c6f24d00c241d7d0864d9602f8f6_450.jpeg",
    "reviewRating": 4.0567,
    "reviewCount": 141,
    "inStock": true
  },
  {
    "productId": "4YI8LGMTN0K0",
    "productName": "Yugioh Gold Sarcophagus Mega Tin- 1 Ultra Rare and 1 Prismatic Secret Rare Included",
    "shortDescription": "Konami Yugioh Gold Sarcophagus Wm Mega Tin",
    "price": 19.98,
    "productImage": "/images/e57875d9-9aaf-4a49-9e44-cf76dbcf640c_1.319324edae8cebc61d538b6e4b360be9_450.gif",
    "inStock": true
  },
  {
    "productId": "59H52QNBWER7",
    "productName": "LEGO Ideas Steamboat Willie 21317",
    "shortDescription": "Build and display this collectible LEGO® set or recreate your favorite scenes from the classic Disney Mickey Mouse cartoon, ‘Steamboat Willie’\n\nThis unique toy building set includes 2 new",
    "price": 89.99,
    "productImage": "/images/38bad257-8b83-40d9-8549-84dfdcb3867b_2.429da36d8d9c09d37a60970442d63118_450.jpeg",
    "reviewRating": 4.6176,
    "reviewCount": 68,
    "inStock": true
  },
  {
    "productId": "5Y3BXA46XO15",
    "productName": "Little Tikes Racing Slides Waterslide",
    "shortDescription": "Age Range: 5-10 years\n\nDual climbing walls\n\nDual 8' slides with spray hoods",
    "price": 329.99,
    "productImage": "/images/27fa55a8-ca34-424d-9e35-b682761cc057_1.240a86084c501af2eb88ebfcf1aafc4d_450.jpeg",
    "reviewRating": 4.4444,
    "reviewCount": 18,
    "inStock": true
  },
  {
    "productId": "6QBW8QCKOF2B",
    "productName": "2019 Topps Series 2 Baseball Relic Box- Walmart Exclusive- Over 100 Topps Baseball Series 2 Trading Cards | Auto & Rookie Cards | Mookie Betts Exclusive",
    "shortDescription": "19 Topps Series 2 Baseball Wm Relic Box",
    "price": 19.98,
    "productImage": "/images/746451d6-46ec-47f7-9179-d8ec169f6415_3.d6d3d46112a43185253c0bec9b3f6aca_450.png",
    "reviewRating": 2.3333,
    "reviewCount": 3,
    "inStock": true
  },
  {
    "productId": "5IDNE26MTK3K",
    "productName": "Monopoly Voice Banking Electronic Family Board Game for Ages 8 and Up",
    "shortDescription": "Includes Top Hat banking unit ((including top and brim), gameboard, 4 tokens, 22 Title Deed Cards, 1 Get Out of Jail Free card, 4 Reference cards, 16 houses, 16 hotels, 2 dice, and game guide.",
    "price": 29.99,
    "productImage": "/images/31074fb0-5c1a-4b4d-866c-8f12c16c4789_1.ad49d39a51ff80054fd8362ba96f85d6_450.jpeg",
    "inStock": true
  },
  {
    "productId": "13VFPMY1W8SM",
    "productName": "Pokemon Blastoise GX Premium Collection Box- 3 Foil Cards | 6 Booster Packs |TCG Pokemon Trading Cards",
    "shortDescription": "Unleash a Giant Geyser with Blastoise-GX!Trainers and fans of Water-type Pokmon, your day has come with the mighty rush of the Blastoise-GX Premium Collection, ready to wash away all doubt about which",
    "price": 34.98,
    "productImage": "/images/50d55329-bb4a-45e0-a59a-f5d2bfa03ba8_1.50734476b22d404197f69779afe27375_450.jpeg",
    "inStock": true
  },
  {
    "productId": "3CVV0BCLYZSZ",
    "productName": "Ryan's World Ultimate Tree House",
    "shortDescription": "This awesome playset is full of fun surprises and includes four character figures and 5 accessories.\n\nRyan’s World Ultimate Tree House includes one awesome playset, one Ryan figure, one Moe",
    "price": 29.97,
    "productImage": "/images/513a9b2f-fcf2-4a21-a42c-0925c4669e80_2.7fe5483a29236c0f6e17ac812b773f99_450.jpeg",
    "inStock": true
  },
  {
    "productId": "45UCH5IQG5FC",
    "productName": "Banzai Water Park Splash Zone (Inflatable Water Slide Summer Backyard Splash Pool Aqua Gun Blaster Cannons)",
    "shortDescription": "16'L x 15'W x 4'H Inflatable water park\n\nInflatable diving ramp\n\nOversized splash pool area",
    "price": 199.99,
    "productImage": "/images/04f2bca5-7926-4197-96ac-c216d94e432f_1.2997038210501b691f21f07ec8efa075_450.jpeg",
    "inStock": true
  },
  {
    "productId": "7GD1PUQ50IFA",
    "productName": "Mega Construx Large Probuilder Tub with 790-Pieces",
    "shortDescription": "Age Range: 8 Years and Up\n\n790 building bricks in a camo color scheme with marble and clear bricks, and special pieces that include support beams, handle bars, grates, mini prongless",
    "price": 27.99,
    "productImage": "/images/aec69d28-227d-44aa-a849-d1cb90bef15a_1.fb1e82a3bcbadb07602df53c9c96c67c_450.jpeg",
    "reviewRating": 3,
    "reviewCount": 1,
    "inStock": true
  },
  {
    "productId": "6WFXKQ5P8287",
    "productName": "LEGO Minecraft The Wool Farm 21153",
    "shortDescription": "Includes a Steve minifigure, plus new red, yellow and baby sheep figures\n\nFeatures a Minecraft™ farm setting with a birch tree, fence, stream, stepping-stones, crops, flowers, 2 dyed",
    "price": 19.97,
    "productImage": "/images/82395c12-3f08-4de7-ad0e-98f1fe98b169_3.5fde7c41077791d8d764c8c47eba60f2_450.jpeg",
    "inStock": true
  },
  {
    "productId": "4HERPRJ1HTZK",
    "productName": "Lifetime Adventure Tower (Earthtone), 290633",
    "shortDescription": "1 Trapeze Bar and 2 Swings\n\nAll-Weather Resistant Will Not Crack, Warp, Rot, or Splinter\n\nClubhouse with Hardtop Roof",
    "price": 1399,
    "productImage": "/images/3050885a-72f1-4740-9ecc-2d6424ef2194_1.aa9f6e47dc4adea59c079363cd2294d6_450.jpeg",
    "reviewRating": 4.4634,
    "reviewCount": 164,
    "inStock": true
  },
  {
    "productId": "578D6LLEFXTW",
    "productName": "HobbyKids 3-Piece Hobby Bro Figure Set",
    "shortDescription": "The HobbyKids 3-Piece Hobby Bro Figure set includes HobbyPig, HobbyBear, and HobbyFrog as articulated figures.\n\nKids can play out their own adventures, just like on the YouTube channel and",
    "price": 9.97,
    "productImage": "/images/aa949f6a-41ca-4422-94a9-a7a540959109_3.518f3ac152e3be9c9db61f70eea04a29_450.jpeg",
    "inStock": true
  },
  {
    "productId": "3L8IYZFU5N1K",
    "productName": "Yugioh Dark Neostorm SE Deck",
    "shortDescription": "Konami Yugioh Dark Neostorm Se Wm Deck",
    "price": 9.98,
    "productImage": "/images/0a1bf8d9-3807-4fbf-a12f-31f7d74881d3_1.2433fe3f1e9e2415e96b88a72beefa32_450.jpeg",
    "inStock": true
  },
  {
    "productId": "1D7NEUXYAUQC",
    "productName": "Play-Doh Tootie the Unicorn Ice Cream Set with 3 Cans of Dough, Color Swirl Compound & 5 Tools, 8oz",
    "shortDescription": "Includes Tootie the Unicorn playset, shape rail, ice cream cone, 2 dishes, knife, spoon, 1 can of Play-Doh Color Swirl compound, and 2 cans of Play-Doh Brand Modeling Compound (net weight 8oz)",
    "price": 19.97,
    "productImage": "/images/9ebb3e2a-dc5a-49c8-bb33-6b75b4b2cfab_1.962adbd833fecf4e839ffd943b9984e0_450.jpeg",
    "inStock": true
  },
  {
    "productId": "24KFXQBGKEE0",
    "productName": "Magic: The Gathering- 2020 Core Set Bundle- Includes Promo Version of Chandras Regulator",
    "shortDescription": "Wizards Mtg Core Set Bundle",
    "price": 35.55,
    "productImage": "/images/7385f0ac-d8ba-4a43-a516-d2dfd10cd3ba_1.80177e942fa24f9d5b8cba5babdf43c0_450.png",
    "inStock": true
  },
  {
    "productId": "3O6RHQ9TVZUC",
    "productName": "Mega Construx Probuilder Tub, Camo Themed with 480-Pieces",
    "shortDescription": "Age Range: 8 Years and Up\n\n480 building bricks in a camo color scheme with marble bricks\n\nIncludes resealable tub for easy storage",
    "price": 19.99,
    "productImage": "/images/651cb796-dedc-4be4-945d-87c2636377fd_1.5284af5f60a1425711b80f2524a778d1_450.jpeg",
    "reviewRating": 4,
    "reviewCount": 1,
    "inStock": true
  },
  {
    "productId": "3V9L9LOJMFDT",
    "productName": "Mega Bloks Mini Bulk Large Tub, Multi-Colored with 180-Pieces",
    "shortDescription": "Age Range: 2 Years and Up\n\n180 big building blocks in 7 bright, classic colors that are perfect for growing hands, and special pieces that include a wheelbase, and windows and doors that",
    "price": 39.99,
    "productImage": "/images/ed6acf84-46b0-4276-9141-7b8e2f0a1e80_1.50649f3cea722ac7ed3350f0eaf4e0f5_450.jpeg",
    "reviewRating": 5,
    "reviewCount": 1,
    "inStock": true
  },
  {
    "productId": "4ZMT6EKQFK8I",
    "productName": "Little Live Scruff-a-Luvs™ Families",
    "shortDescription": "Rescue and adopt a dog or cat family and give them a home!\n\nWash them, dry them and brush them to reveal the whole family. Will you find a cat or dog family?\n\nHow many babies does",
    "price": 29.97,
    "productImage": "/images/2e8c1deb-b9a2-489d-91fb-6cbec6d947e5_5.6deffbd01e78fcd3cc8ce68be857b509_450.jpeg",
    "inStock": true
  },
  {
    "productId": "3JHEFD6TV0J8",
    "productName": "PLAYMOBIL Mission Rocket with Launch Site",
    "shortDescription": "Get the rocket space-ready with this playset!\n\nOutfitted with working lights and sounds, this rocket is ready to journey into space",
    "price": 52.99,
    "productImage": "/images/ce43ea52-4558-4dc9-b3d5-9c90c9b330b3_2.af9bf4903e32c647f5e3c1677bb56eb8_450.jpeg",
    "inStock": true
  },
  {
    "productId": "2QTRIKK3T6BC",
    "productName": "PLAYMOBIL Mars Rover Vehicle",
    "shortDescription": "This vehicle was made to ride the rough terrain of Mars!\n\nAstronauts can collect more blue crystal specimens and store them in the rear storage compartment for transportation back to the",
    "price": 9.99,
    "productImage": "/images/5f726c1f-e8c3-4ce0-a5b9-6f97c04aad31_2.c547a5f118303ca0d6203d744cf83ea1_450.jpeg",
    "inStock": true
  },
  {
    "productId": "2AIHYMS5E2GZ",
    "productName": "LeapFrog LeapBuilders Shapes & Music Castle With Electronic Smart Star",
    "shortDescription": "Build a magical world with the LeapBuilders Shapes & Music Castle! Build, create and learn with this interactive 30 piece castle-themed block set. Kids can build using the easy-to-hold building",
    "price": 24.99,
    "productImage": "/images/6ab2843e-a8ca-4685-acc4-b2f85264f325_3.17697ba2052d85fa1cd0e24ee25df7b6_450.jpeg",
    "inStock": true
  },
  {
    "productId": "19S08NR30BGU",
    "productName": "Mega Construx Large Core Tub, Multi-Colored with 790-Pieces",
    "shortDescription": "Age Range: 4 Years and Up\n\n790 building bricks and special pieces in 8 classic colors\n\nIncludes tub for easy storage",
    "price": 27.99,
    "productImage": "/images/bf244a7c-d916-4082-b6c5-91e760b23903_1.5bd756cda9ddd4fe9d3bc23bc034b126_450.jpeg",
    "inStock": true
  },
  {
    "productId": "39CEKYE07FIO",
    "productName": "Hobby Kids Jackhammer Egg Surprise",
    "shortDescription": "HobbyKids Jackhammer Egg Surprise stands 10.7” tall and includes 10 awesome surprises!\n\nHobbyKids Jackhammer Egg Surprise includes fun surprises like a sling shot, target, sticky hand, and",
    "price": 34.82,
    "productImage": "/images/4cc9c48c-44dc-4bd0-bc54-8e230b4073ce_2.60ccb9fc94edbf1c9ee17a40d35433e3_450.jpeg",
    "inStock": true
  },
  {
    "productId": "78BMVZCYOUP2",
    "productName": "Tiny Pong Solo Table Tennis Kids Electronic Handheld Game Ages 8 and Up",
    "shortDescription": "Table Tennis In The Palm Of Your Hand\n\nLights And Sounds\n\nAges 8 and up",
    "price": 19.99,
    "productImage": "/images/a4121471-b3fa-4822-8a1f-f1db82f689be_1.b11aef218d56b3e4a01973eba9dcdad1_450.jpeg",
    "inStock": true
  },
  {
    "productId": "46H05J9LK9DL",
    "productName": "Mega Bloks Mini Bulk Small Tub, Multi-Colored with 100-Pieces",
    "shortDescription": "Age Range: 2 Years and Up\n\n100 big building blocks in 7 bright, classic colors that are perfect for growing hands\n\nIncludes tub for easy storage",
    "price": 19.99,
    "productImage": "/images/316bfbc2-a0ab-419a-84bd-97c346bc8cde_1.93a83e05c3cbc2cfc7a504cbac898e04_450.jpeg",
    "reviewRating": 5,
    "reviewCount": 1,
    "inStock": true
  },
  {
    "productId": "60INFTILG96O",
    "productName": "HobbyKids Soda-Shootin Robot",
    "shortDescription": "The HobbyKids Soda- Shootin Robot includes one articulated HobbyFrog figure and one rolling Robot.\n\nHobbyFrog can be placed in seat behind Robots back.\n\nSoda-Shootin Robot really",
    "price": 12.97,
    "productImage": "/images/cec4619a-d20b-46cf-aa78-a2b02b297224_1.778306798ad363e2b554979ceb3f2e44_450.jpeg",
    "inStock": true
  },
  {
    "productId": "1A0PB5TZD27J",
    "productName": "T.O.T.S. Care for Me Pet Carrier - Kitty",
    "shortDescription": "Set includes: One carrier, one plush kitten, bottle, food, food bowl, rattle, wrist cuff, and shampoo bottle.\n\nCarrier looks just like the delivery basket from the show, features a handle",
    "price": 19.97,
    "productImage": "/images/72c28392-7bba-4863-9172-a7768a34a8a9_2.583510726a123ccb5083eb6f1b8d7542_450.jpeg",
    "inStock": true
  },
  {
    "productId": "3XUS6U5ZLO4L",
    "productName": "PLAYMOBIL Mars Space Station",
    "shortDescription": "Venture into undiscovered worlds with the Mars Space Station!\n\nEquipped with all the tools needed for space exploration, the station is ready for a successful mission!",
    "price": 64.95,
    "productImage": "/images/73ef0604-6dc0-41e7-b010-afd96eeb11e9_2.340fe1eac584caf15be94bdc7d94dad0_450.jpeg",
    "inStock": true
  },
  {
    "productId": "59GSC1KWLYL4",
    "productName": "T.O.T.S. Care for Me Pet Carrier - Pony",
    "shortDescription": "Set includes: One carrier, one plush pony, bottle, can of food, food bowl, rattle, wrist cuff, and shampoo bottle.\n\nCarrier looks just like the delivery basket from the show, features a",
    "price": 19.97,
    "productImage": "/images/00c4a0fd-8d59-4efa-8160-0e1335652808_2.d2f6ba3a89508d8c4fcf3ab50efefb44_450.jpeg",
    "inStock": true
  },
  {
    "productId": "4VYHXFEVF8LJ",
    "productName": "LeapFrog LeapBuilders ABC Smart House With Electronic Smart Star Cube",
    "shortDescription": "Welcome home to the LeapBuilders ABC Smart House! Build, create and learn with this interactive 61-piece house-themed block set. Kids can build using the easy-to-hold building blocks and",
    "price": 34.99,
    "productImage": "/images/60452469-326e-4749-b48a-aeff43c29084_1.e662e99704ce0f6ac0a15e1cfedc3cc8_450.jpeg",
    "inStock": true
  },
  {
    "productId": "5KQA3KO9YYLU",
    "productName": "HobbyKids Kids Robot Boppin Bag",
    "shortDescription": "The HobbyKids Kids Robot Boppin Bag includes one blow up Robot bop bag.\n\nFill the base with water, blow up the Robot Boppin Bag, and give him a whack to make him sway back and forth or side",
    "price": 9.97,
    "productImage": "/images/9b91a29e-a614-4802-a0b1-7f8fef9c0510_1.f6f0a91fb0e11056590e0217a61171ae_450.jpeg",
    "inStock": true
  },
  {
    "productId": "4Z07H2YFJQ9C",
    "productName": "Jetson MotoKicks Electric Self Balancing Hoverboard Skates/Hover Shoes",
    "shortDescription": "Kick it up a notch with the Jetson Motokicks; a brand new way to move\n\nDual charging port for fast and easy charging; can charge both Motokicks at the same time\n\nNon-slip rubber mat",
    "price": 198,
    "productImage": "/images/5de57a23-a053-4044-81da-3f78f9afe980_1.dd3025c93609a1db7dab827dd3e94baf_450.jpeg",
    "reviewRating": 5,
    "reviewCount": 2,
    "inStock": true
  },
  {
    "productId": "2W3HGC821N6F",
    "productName": "T.O.T.S. Cuddle & Wrap Plush - Pablo the Puppy",
    "shortDescription": "Each plush stands 10” tall and comes wrapped in a baby blankie. Collect Mia the Kitten, Pablo the Puppy, and Precious the Panda (each sold separately).\n\nMade from soft, cuddly fabrics.",
    "price": 12.97,
    "productImage": "/images/4731fb2e-972c-409b-821f-fe063efed228_2.d543bb37ede76b872d188f3c29854b38_450.jpeg",
    "inStock": true
  },
  {
    "productId": "4T0I5WSNKQK3",
    "productName": "LeapFrog LeapBuilders 123 Counting Train With Electronic Smart Star",
    "shortDescription": "All aboard the LeapBuilders 123 Counting Train! Build, create and learn with this interactive 19-piece train-themed block set. Kids can build using the easy-to-hold building blocks and",
    "price": 19.99,
    "productImage": "/images/5c43ff39-1f7b-4154-8c6a-31dd6667d1f4_1.803ab8ce843db4f076a1bc8842439763_450.jpeg",
    "inStock": true
  },
  {
    "productId": "1451M7W6BM0V",
    "productName": "LeapFrog LeapBuilders Fruit Fun Elephant With Electronic Smart Star",
    "shortDescription": "For learning you wont soon forget, enjoy the LeapBuilders Fruit Fun Elephant. Build, create and learn with this interactive 21-piece animal-themed block set. Kids can build using the easy-to-hold",
    "price": 19.99,
    "productImage": "/images/27bc34f9-8640-44de-b656-21c2de61e943_1.91ea7d7d335ca735901097939c56795c_450.jpeg",
    "inStock": true
  },
  {
    "productId": "74ZOLIIRUHD3",
    "productName": "LeapFrog LeapBuilders Pet Pals Building Blocks Learning Toy",
    "shortDescription": "Make new animal friends with the LeapBuilders Pet Pals! Build, create and learn with this 27-piece animal-themed block set. Kids can build using the easy-to-hold building blocks and double-sided",
    "price": 9.97,
    "productImage": "/images/f92f6bb2-906a-485e-9ff4-ec6bf5f7a14f_1.6cf8b7201e3ee16071fa5e3848937ec2_450.jpeg",
    "inStock": true
  },
  {
    "productId": "3248UTQJ86XK",
    "productName": "PLAYMOBIL Mars Research Vehicle",
    "shortDescription": "Examine the planets surface with the Mars Research Vehicle!\n\nThanks to the removable roof, kids can access the vehicles interior and seat up to four adult figures",
    "price": 44.3,
    "productImage": "/images/5464e7f1-29e7-4076-b4f3-c3396efddcc5_2.cc15f4abd4170a3224e71014bc585854_450.jpeg",
    "inStock": true
  },
  {
    "productId": "6A76I6WRT9OK",
    "productName": "Mega Construx Core Tub, Multi-Colored with 480-Pieces",
    "shortDescription": "Age Range: 4 Years and Up\n\n480 building blocks in 8 classic colors\n\nIncludes tub for easy storage",
    "price": 24.99,
    "productImage": "/images/3d9a62b8-2747-43f7-884a-f0826e843a43_1.dff76252c15396e572372b84df639d2c_450.jpeg",
    "inStock": true
  },
  {
    "productId": "4VTA4QVOIEX5",
    "productName": "Laser Pegs Triceratops Charge",
    "shortDescription": "Adventure awaits in the jungle but beware of the triceratops on the loose! This Triceratops Charge building set features a light up Triceratops dinosaur with moveable legs, head and tail plus a sound",
    "price": 34.99,
    "productImage": "/images/5b53ad63-3d34-4eca-8588-32ffb8ab9d86_1.7eba5e97999c4950bf98b38f675fc98c_450.jpeg",
    "reviewCount": 0,
    "inStock": true
  },
  {
    "productId": "6GUL320F30F6",
    "productName": "Goliath Games - Banana Blast?",
    "shortDescription": "Banana Blast GameAges 4 & Up2 to 4 Players",
    "price": 19.82,
    "productImage": "/images/0fe7e87e-b14b-4c4d-a900-d419271c8a9e_1.9f849cbd62054b031cfcc77e86a98d3c_450.jpeg",
    "inStock": true
  },
  {
    "productId": "31SMBJZSX5K5",
    "productName": "T.O.T.S. Cuddle & Wrap Plush - Precious the Panda",
    "shortDescription": "Each plush stands 10” tall and comes wrapped in a baby blankie. Collect Mia the Kitten, Pablo the Puppy, and Precious the Panda (each sold separately).\n\nMade from soft, cuddly fabrics.",
    "price": 12.97,
    "productImage": "/images/105c4f34-8d47-42fc-bac9-e4d8406c7f46_3.9a6cde5cfb76c0f014ef965c39f6c48d_450.png",
    "inStock": true
  },
  {
    "productId": "1LZVRE0WFJEO",
    "productName": "19 TOPPS BWP BASEBALL NBCD HANGER BOX",
    "shortDescription": "19 Topps Bwp Baseball Nbcd Hanger Box",
    "price": 12.98,
    "productImage": "/images/7f2fc553-d0b3-465a-9299-466fcb0046d6_1.fcc5884996bfd269b5d52000c9445ec3_450.jpeg",
    "inStock": true
  },
  {
    "productId": "0VKBT4Y8CXS2",
    "productName": "Blinger Diamond Collection, Pink - Load, Click, Bling! Hair, Fashion, Anything!",
    "shortDescription": "Blinger Diamond Collection\n\nBlinger Diamond Collection",
    "price": 19.97,
    "productImage": "/images/290a6b25-598f-4bae-9703-ae2911e0be76_1.f6a3c6813189f9e289caf27a059c4e7c_450.jpeg",
    "inStock": true
  },
  {
    "productId": "55TZLA27E8LZ",
    "productName": "Play-Doh Stamp 'n Top Pizza Oven Toy with 5 Non-Toxic Play-Doh Colors",
    "shortDescription": "Includes unassembled oven playset, cheese presser, pizza paddle, plate, roller, pizza cutter, 3 creation cards, and 5 cans of Play-Doh Brand Modeling Compound (net weight 10 ounces).",
    "price": 19.97,
    "productImage": "/images/c13a3044-c201-4684-ae26-5a399d60e32e_1.a22f696835942977b47475b9ae3367a7_450.jpeg",
    "inStock": true
  },
  null,
  {
    "productId": "3ZQZHP8X0XDI",
    "productName": "LeapFrog LeapBuilders Soar & Zoom Vehicles Building Blocks",
    "shortDescription": "Race into fun with the LeapBuilders Soar & Zoom Vehicles! Build, create and learn with this 22-piece vehicle-themed block set. Kids can build using the easy-to-hold building blocks and",
    "price": 9.97,
    "productImage": "/images/c666a960-0dbf-472a-b0d9-63ab28783ffb_1.589b14e82b3f247072af47cf17a2e9b9_450.jpeg",
    "inStock": true
  },
  {
    "productId": "1RXWRPJSIXRR",
    "productName": "HobbyKids Wrist Launcher",
    "shortDescription": "",
    "price": 7.97,
    "productImage": "/images/537977ae-de6e-4d6d-8f42-7c06bfab3356_2.1b271eaf475d30a7ccb19ab7453f7bc2_450.jpeg",
    "inStock": true
  },
  {
    "productId": "67ES6CT9AAJ9",
    "productName": "Dragon Snacks",
    "shortDescription": "Watch the dragon's bell magically light up to reveal the treasures in his tummy. Retrieve the correct treasure from the dragon's belly to help cure his tummy ach. First player to collect 3 treasures",
    "price": 19.82,
    "productImage": "/images/fb319ed0-8a8d-47db-a548-632ec6307d56_3.64d48e971481fce1242a42ede7c3463e_450.png",
    "inStock": true
  },
  {
    "productId": "20GNK4GGVCOK",
    "productName": "PLAYMOBIL Satellite Meteoroid Laser",
    "shortDescription": "Keep the mission on track and destroy any space debris that blocks your way with the Satellite Meteoroid Laser!\n\nOpen the satellite’s solar panels to power the equipment and detect",
    "price": 24.4,
    "productImage": "/images/fadf86c9-4b6c-488f-bffa-4fd92289c0a6_2.3caa440444e231151de96835394ea790_450.jpeg",
    "inStock": true
  },
  {
    "productId": "3QOKSC7P8MZT",
    "productName": "LeapFrog LeapBuilders Safari Animals With Electronic Smart Star Cube",
    "shortDescription": "Take a walk on the wild side with the LeapBuilders Safari Animals. Build, create and learn with this interactive 16-piece animal-themed block set. Kids can build using the easy-to-hold building",
    "price": 14.99,
    "productImage": "/images/7376578c-a0f7-434e-9e8a-47f3600bc9fd_1.a0ea0dc6df67cc040857c44d41bf724f_450.jpeg",
    "inStock": true
  },
  {
    "productId": "6MJQWEXBDWE8",
    "productName": "Backyard Discovery Breezy Point Playhouse with Kitchen",
    "shortDescription": "Merchandise",
    "price": 499,
    "productImage": "/images/e443a3da-123b-4b17-8ebd-f75dc4a8c3b4_1.2283315d371dad6dbba827b49ce70465_450.jpeg",
    "inStock": true
  },
  {
    "productId": "2D3YKKBMBARG",
    "productName": "Shop NEW Mash'Ems Collectible Bundles!",
    "shortDescription": "Grab hold and squeeze up some fun with Mash'ems! Kids favorite characters are now super squishy! Mash'ems are a soft, water filled collectable that kids love to mash, twist and stretch. Each series",
    "price": 11.49,
    "productImage": "/images/0553265c-5b19-45a6-89a4-d1df3d9e546a_1.e4cbdce13f6a07489830ef240d059fd7_450.jpeg",
    "inStock": true
  },
  {
    "productId": "1S7LIMV6BA3D",
    "productName": "LeapFrog LeapBuilders Food Fun Family Farm With Electronic Smart Star",
    "shortDescription": "It's farming fun with the LeapBuilders Food Fun Family Farm! Build, create and learn with this interactive 50-piece farm-themed block set. Kids can build using the easy-to-hold building blocks and",
    "price": 34.99,
    "productImage": "/images/1c01eaf4-4c72-44ef-b7c4-57149c23bc4e_1.c05fbb69d783c232a52de7fac56edc61_450.jpeg",
    "inStock": true
  },
  {
    "productId": "5NE6FQTJQVIE",
    "productName": "Ryan`s World Chill Factor Slushy Maker, Blue",
    "shortDescription": "Ryan`s Slushy Maker Blue",
    "price": 14.98,
    "productImage": "/images/2f0b1a6f-1e11-462b-a839-586913c7b253_7.6c742dfce61268c197575c3aee8dba8a_450.jpeg",
    "inStock": true
  },
  {
    "productId": "6I7A0GWVI5I7",
    "productName": "Poopsie Sparkly Critters Series 2",
    "shortDescription": "Feed Poopsie Sparkly Critters water and they magically spit or stool slime!\n\nEach Sparkly Critter has long eyelashes and a sparkly unicorn horn!\n\nUnbox the sparkly soda pop can",
    "price": 17.99,
    "productImage": "/images/2861a104-5fa0-4e6b-ae4c-e3e189f28a8e_1.2f29d1b64927576da0e2ba8a3945a459_450.jpeg",
    "inStock": true
  },
  {
    "productId": "3BYZ04WNQ6IG",
    "productName": "Play-Doh Wheels Firetruck Toy with 5 Non-Toxic Colors Including Play-Doh Water Compound",
    "shortDescription": "Includes fire truck playset with rail accessory, 2 accessories, 1 can of Play-Doh Water Buildin' Compound, and 4 cans of Play-Doh Brand Modeling Compound (total net weight 10 ounces).",
    "price": 19.97,
    "productImage": "/images/08203fcd-8032-419a-bf37-9bf7d6762b7f_1.faeff10698261bc1109cbe9a6e53b576_450.jpeg",
    "inStock": true
  },
  {
    "productId": "737B2F5X6A7C",
    "productName": "Ryan's World Chill Factor Slushy Maker, Red",
    "shortDescription": "Ryan`s Slushy Maker Red",
    "price": 14.98,
    "productImage": "/images/b73ef0c1-9959-49bb-abfe-e432612a24c1_7.236da50d5adb886816dc91ea9d965f2d_450.jpeg",
    "inStock": true
  },
  {
    "productId": "6UNW2JFPTSTG",
    "productName": "Googly Eyes Showdown",
    "shortDescription": "",
    "price": 19.82,
    "productImage": "/images/de56f83f-ce1f-4faa-8a9d-306989e138f2_1.a04d75e2c6630889567512a53a3770ad_450.png",
    "inStock": true
  },
  null,
  {
    "productId": "336VEWASGIHC",
    "productName": "LeapFrog LeapBuilders 123 Fix-It Truck With Electronic Smart Star Cube",
    "shortDescription": "Get the fun rolling with the LeapBuilders 123 Fix-It Truck! Build, create and learn with this interactive 31-piece truck-themed block set. Kids can build using the easy-to-hold building blocks and",
    "price": 24.99,
    "productImage": "/images/64615af7-7724-4b56-830d-5816a8580c97_1.4ef2b524d00de58b594dbb7c9d7d9e01_450.jpeg",
    "inStock": true
  },
  {
    "productId": "6IJGQP6164YQ",
    "productName": "Poopsie Cutie Tooties Surprise Collectible Slime & Mystery Character 2",
    "shortDescription": "Snip or Pop Poopsie Cutie Tooties Surprise for a magical slime surprise!\n\nWhat slime will you get? Find Water, Air, Galaxy, Cotton Candy, Jelly or Rainbow Slime!",
    "price": 16.99,
    "productImage": "/images/4523eabc-fc93-4f38-af5d-5d2ead260b62_1.9d56a1db987352b8adebb4278750f8df_450.jpeg",
    "inStock": true
  }
]